time,width,height,weight,hp,strength,powers
00:00,39,146,5392,870,9627,8873.003259574269
00:01,29,106,647,327,3756,3726.649664501197
00:02,62,164,7228,95,1593,3503.1238231722537
00:03,45,104,835,195,2210,929.0077079071193
00:04,22,148,3060,240,3280,2492.5885987648744
00:05,55,115,5861,663,6974,5280.061818166054
00:06,75,120,2892,416,5112,2944.703942312937
00:07,48,109,5135,54,1072,1757.7184789550824
00:08,57,80,2720,689,7638,9001.075871553227
00:09,41,110,3880,571,6052,4564.630382284178
00:10,58,249,1033,807,8098,8484.354997407963
00:11,87,114,5314,896,9090,8597.754528832014
00:12,32,157,1216,569,6090,1825.6767453014781
00:13,59,183,1798,931,10159,2252.6426039685566
00:14,55,95,3324,383,4584,3505.5570336583824
00:15,93,200,7217,988,10820,8129.6913487056
00:16,63,83,1612,285,3152,1069.1714799901852
00:17,46,238,6937,706,7676,12213.32589123098
00:18,37,239,6435,921,10089,5485.498803610482
00:19,94,205,10756,236,3154,11714.389351640168
00:20,64,114,925,767,8510,3485.319235022002
00:21,20,115,1623,359,4134,2589.545874969677
00:22,69,217,14063,720,8131,16632.86362800012
00:23,30,247,4318,276,3121,3783.4854836680097
00:24,61,240,9496,145,2105,7130.105978768733
00:25,54,245,937,542,5615,3358.654679324057
00:26,42,114,1211,282,3721,1654.1909165407983
00:27,51,249,5507,88,1030,1760.0116631424805
00:28,25,201,4097,401,4740,4814.575301085312
00:29,59,208,9276,429,5249,9382.244554297498
00:30,39,125,1719,207,2367,3053.1416431754424
00:31,59,242,9061,118,1998,9974.861536674396
00:32,46,209,4988,447,5345,2664.3936452641074
00:33,93,175,13608,300,3155,5046.276156656663
00:34,36,210,789,183,2440,1301.36595997301
00:35,31,216,1820,618,7038,6353.396061996714
00:36,42,124,949,509,5812,2124.706489362726
00:37,49,110,929,564,6349,5158.558767026176
00:38,85,94,3876,91,1430,2361.9107185251087
00:39,88,182,10652,936,10283,8376.74591114707
00:40,42,120,2035,655,6624,2004.785557449915
00:41,89,223,15457,96,1254,15159.550839009338
00:42,87,155,5624,108,1537,1327.323206178979
00:43,45,126,2018,300,3001,4168.172703538217
00:44,68,150,5804,660,7400,3045.7266949050686
00:45,31,210,4381,540,5887,3625.8691792726645
00:46,57,105,1563,567,6658,1533.0399926874954
00:47,99,119,8565,770,8671,11158.332978065802
00:48,23,194,229,327,4075,405.92124753812936
00:49,24,101,207,522,6089,5263.0488514419685
00:50,74,98,373,909,9494,7279.8513372331145
00:51,95,97,281,838,8703,6960.168004575575
00:52,35,224,7123,675,7405,7745.023003605174
00:53,86,110,1262,252,3381,4367.071746801921
00:54,79,101,1668,922,9382,7447.519415945853
00:55,92,142,3526,245,2744,5742.747508756137
00:56,96,196,10586,449,4995,5897.85346959096
00:57,38,232,3187,61,1496,1412.439184012836
00:58,100,107,3283,109,1578,1632.0012095827637
00:59,51,152,6761,799,8330,10512.64028129719
01:00,46,135,6094,510,5580,5369.941133618151
01:01,28,86,704,485,5074,472.8343289241421
01:02,85,198,1624,231,2432,2939.9350414253104
01:03,69,214,762,563,5982,2607.3403068846483
01:04,49,186,1021,260,3579,1797.5512427301392
01:05,73,163,6305,83,1823,2983.01620593924
01:06,39,91,689,767,7903,842.7965049857318
01:07,49,115,3392,112,1591,2616.4296755309065
01:08,29,189,3847,436,4787,7403.330160786744
01:09,84,234,8372,322,3318,7710.192859996448
01:10,84,90,2938,935,9523,4642.109595505335
01:11,53,157,4087,678,7415,4150.97742956703
01:12,85,136,4922,15,836,3529.915261974247
01:13,71,203,13728,638,6895,10609.807382625717
01:14,94,212,17047,546,6193,5060.245128814767
01:15,30,236,6696,382,3953,4388.57510881245
01:16,53,201,7320,570,6277,7285.219490707123
01:17,37,91,919,115,2085,2373.573823570625
01:18,60,164,6511,918,9288,11135.865324526021
01:19,43,97,2742,540,6194,5384.350963745725
01:20,99,128,12452,763,8324,17078.860422586502
01:21,58,169,4529,893,9000,10474.16107016094
01:22,21,85,1458,994,10866,7596.159024940323
01:23,89,139,6668,81,1542,5452.51668635004
01:24,76,249,3527,986,10271,7073.462118677906
01:25,43,189,3478,149,2244,4485.838047702577
01:26,57,173,9653,657,6751,8902.277449215
01:27,34,81,1274,499,5128,3065.415847209171
01:28,93,156,3851,585,6193,6197.0997148705865
01:29,39,146,1004,296,3176,4003.771254435782
01:30,55,203,2505,389,3977,1851.996263694302
01:31,41,165,5387,937,10067,7240.8822989628325
01:32,83,91,5310,749,7554,9051.841693504593
01:33,41,84,1708,283,3473,4917.513601874991
01:34,56,117,4393,121,1528,873.3839473485102
01:35,24,184,3398,29,1007,2707.5564564591186
01:36,23,144,1496,7,383,1545.7471200377124
01:37,59,239,4348,122,1960,3184.2809868890736
01:38,78,247,10082,700,7317,4358.042164668413
01:39,79,151,7187,65,733,4208.295595597816
01:40,81,152,6039,998,10747,7344.299175149405
01:41,60,156,6363,9,457,2580.907144021793
01:42,88,203,14784,456,5071,12704.764807180243
01:43,94,164,463,94,1430,1385.0015456761944
01:44,42,116,1228,597,6090,3245.9009294579337
01:45,37,135,4236,643,7103,8842.352068380153
01:46,74,184,11275,824,9061,15651.547455734326
01:47,93,223,12085,56,1389,2765.846875225715
01:48,45,246,968,618,7080,1959.6093762393825
01:49,82,164,2684,874,8768,2021.882251210592
01:50,58,197,6705,537,5451,3252.7676967682414
01:51,78,105,2684,700,7705,9357.786833395503
01:52,66,95,2893,69,779,2226.115482208088
01:53,67,188,5144,280,3247,6579.715172014438
01:54,72,94,4907,288,3417,6574.4446101131725
01:55,85,139,2617,17,619,572.829987420836
01:56,46,92,3550,536,5627,6064.929054677151
01:57,36,190,3290,518,6063,3570.7446515160314
01:58,66,199,9619,297,3916,8814.580521164606
01:59,73,153,1733,82,845,1352.0601080857687
02:00,98,242,12425,55,673,5279.85261528796
02:01,38,147,3012,119,1889,2387.423719273375
02:02,100,133,8661,928,10181,10151.67905763191
02:03,74,93,1618,476,4883,3823.422176461201
02:04,50,122,4961,986,10834,12063.169005340656
02:05,30,227,5418,798,8201,5723.817152005813
02:06,63,127,6926,446,4603,6198.272078128972
02:07,96,240,16376,371,4620,7391.19754594051
02:08,34,249,6246,605,6119,2693.903975066659
02:09,26,87,1031,161,2569,1516.212871620343
02:10,74,164,6911,968,10596,13017.639812813166
02:11,96,171,849,954,9635,1095.3463785809665
02:12,88,201,8602,386,4396,4958.1716823273755
02:13,79,199,11301,659,6884,9145.285013354285
02:14,70,101,1177,566,6198,1899.4524562096606
02:15,61,92,3401,7,310,3277.210173980974
02:16,21,168,1202,180,2094,1428.0473222317653
02:17,65,129,6599,280,3451,8126.030747652416
02:18,41,148,1707,435,4500,4546.026806461761
02:19,51,113,4756,277,3125,3631.8171399058624
02:20,41,180,3892,765,7789,6659.315594395602
02:21,90,181,5637,591,6443,11363.52879105635
02:22,98,161,3975,222,3089,4858.320361464792
02:23,58,86,4340,249,3337,4076.1782854133535
02:24,90,112,5211,439,5359,9922.452221416916
02:25,82,197,4032,268,3447,5759.689209755896
02:26,42,150,3963,1,892,1636.3432875470535
02:27,33,89,683,765,7665,3095.9659562451907
02:28,41,203,7733,461,4799,5619.274582831798
02:29,50,86,2427,35,664,1589.2230145993794
02:30,74,202,14431,118,1663,2407.269503305897
02:31,46,89,2622,563,6018,1423.6982895283895
02:32,69,127,274,536,6293,2986.369608067237
02:33,55,237,4378,985,10235,10068.380400953602
02:34,91,169,3044,59,917,2584.823700602551
02:35,35,235,3999,21,1123,2500.320958219206
02:36,90,161,7332,294,3458,5162.614254073265
02:37,35,109,3447,851,9273,4787.599859917619
02:38,96,85,4470,327,3935,2117.7954492414256
02:39,59,131,1098,804,8537,7591.362146575736
02:40,73,197,7045,984,10143,2409.7879286955513
02:41,40,123,4197,83,1368,2186.991759880848
02:42,39,116,1902,588,6335,2481.8028563377184
02:43,35,81,1999,815,8580,6828.608599749501
02:44,91,126,2718,148,1983,2590.6177056657793
02:45,33,170,1133,851,9097,9256.34463685237
02:46,21,191,3077,965,9797,2850.0194110863363
02:47,58,118,2448,18,292,864.201469117117
02:48,75,84,5568,397,4424,7398.814777426611
02:49,90,191,4875,218,2958,5280.259644011194
02:50,66,211,2571,368,4276,2417.0053638331897
02:51,99,204,5249,967,10105,1988.1558886647244
02:52,96,181,11902,804,8325,12081.199693306704
02:53,84,94,1320,278,3771,2785.758350523998
02:54,57,184,3388,82,1183,1213.1338065553564
02:55,95,247,6101,519,5951,1911.3886176443725
02:56,34,176,3829,472,5517,6157.673011963885
02:57,35,219,3685,57,773,3599.289164422905
02:58,70,91,2550,271,3621,4068.2964194805463
02:59,100,145,2225,838,9182,7076.469906748178
03:00,42,178,4196,13,666,3532.26448704709
03:01,60,116,1985,397,3981,3332.1635193088937
03:02,49,243,4988,439,4643,7295.687567833197
03:03,42,238,7873,979,9857,3823.4548014334528
03:04,92,158,10459,551,5515,6731.317707141268
03:05,91,87,1762,190,1998,1940.8090856109613
03:06,38,191,1432,694,7271,3582.1395120605966
03:07,37,124,2969,479,5307,1562.924246124243
03:08,73,247,16575,894,9280,21874.91181831313
03:09,87,249,20360,879,9114,11411.517350760532
03:10,40,199,6886,5,336,4993.2191903868725
03:11,83,129,2858,317,3284,2973.1883064537005
03:12,40,100,1344,225,2940,737.8643901203816
03:13,53,144,3808,835,8498,10945.866806266858
03:14,60,111,3748,694,7915,7292.858511780543
03:15,77,94,5245,597,6546,10152.49661851695
03:16,60,119,3042,142,1531,1485.3011155336924
03:17,58,213,7975,480,5691,8785.662119920225
03:18,58,94,304,278,3588,3686.2755764492244
03:19,44,229,4609,816,8233,6894.215348069449
03:20,54,168,5506,230,2885,6863.748448434117
03:21,20,249,1059,778,8380,2670.4657939471826
03:22,74,141,3743,693,7327,7183.9461941258405
03:23,40,99,1703,926,10254,3095.7061714278348
03:24,79,144,4726,497,5109,5936.060235513458
03:25,35,136,1001,429,4300,2287.1605194597387
03:26,49,105,1014,511,5925,5268.872957122234
03:27,88,236,12395,218,3129,6122.992666459592
03:28,73,230,13112,158,2421,8654.027130085187
03:29,81,200,5784,880,9564,9993.245941527854
03:30,52,117,2429,690,6915,5838.3123933736715
03:31,79,161,10092,268,3436,8257.66275664089
03:32,72,160,8515,917,9436,8373.104843260971
03:33,37,144,1200,386,4012,3771.5234620388264
03:34,84,170,12219,63,1479,1703.6946136053368
03:35,87,227,5723,533,5811,6224.306789576539
03:36,54,226,5732,508,6079,6650.386416128865
03:37,31,197,366,729,7490,3963.990390242085
03:38,32,168,490,542,6222,5768.229940107039
03:39,91,238,2740,637,6595,1251.6432157706727
03:40,41,213,6427,204,2210,8391.266866379101
03:41,96,167,6579,742,7476,8537.000557406296
03:42,80,189,2716,955,10226,4380.291720002966
03:43,23,120,169,694,7088,3742.4985661721134
03:44,21,200,3645,245,3320,2659.375978598712
03:45,61,81,1942,222,2711,2238.514575985572
03:46,21,249,2909,455,4927,4116.506303907436
03:47,28,123,2805,996,10551,11081.465012724457
03:48,49,148,5570,5,172,1645.5131161222837
03:49,73,246,11172,300,3550,10528.802477683941
03:50,69,200,664,150,1635,1214.9931687020617
03:51,64,113,2233,754,8372,2957.4373689497843
03:52,79,138,2275,697,7130,6928.195414588792
03:53,54,106,2350,823,9010,10958.576196075086
03:54,94,88,4092,722,7865,7906.094402726794
03:55,77,176,10553,717,7794,7747.477685647987
03:56,80,165,12056,671,7593,10501.272436522417
03:57,53,110,1245,926,10206,9769.135230439868
03:58,83,96,4289,296,3452,4461.392402301718
03:59,95,209,9712,125,1779,6150.0951221345695
04:00,48,154,3780,834,9235,3767.864511486511
04:01,33,233,6940,263,3435,4724.764278299493
04:02,29,238,4249,33,1079,2422.061567900785
04:03,93,136,8842,387,3882,8682.227141588468
04:04,48,112,2821,580,6438,4903.939532475438
04:05,85,87,6180,978,10384,11497.789873584516
04:06,94,179,15396,997,10534,15125.96354436388
04:07,85,198,3339,681,6960,3033.3867588060393
04:08,51,244,626,477,5721,2482.033293185229
04:09,63,93,3078,326,3594,2407.2007421548456
04:10,60,191,10937,761,7710,9824.093903879228
04:11,28,170,654,350,3659,3612.4568687139763
04:12,99,94,818,462,5006,2333.0993940405037
04:13,23,84,283,47,764,842.5681680712289
04:14,68,154,4763,478,5431,3613.4297967644184
04:15,98,229,18550,385,4095,12190.790298613516
04:16,45,106,712,867,9196,5190.036290704306
04:17,94,106,3369,919,9866,11952.853311705785
04:18,77,190,498,200,2029,2031.1784973865379
04:19,70,124,1016,497,5708,2137.75908388986
04:20,90,188,13563,7,326,7766.13851781512
04:21,26,85,282,62,1592,894.0904082661899
04:22,92,192,6505,922,9423,1883.1111811430108
04:23,30,86,1609,137,1443,3119.5151346311695
04:24,22,146,2671,523,5417,2730.8719345966724
04:25,52,154,4598,219,2514,3600.2022190191333
04:26,50,83,1688,73,1229,2033.2980795796548
04:27,34,178,3561,187,2311,1118.5775055747838
04:28,35,215,3913,879,9437,2692.679399486361
04:29,52,163,4685,200,2982,5695.150119659778
04:30,56,149,5463,20,1003,5104.062644071423
04:31,71,142,787,43,470,649.1586786168355
04:32,35,163,4048,392,4032,4710.738869317268
04:33,98,238,12794,924,10208,12896.586662004325
04:34,78,220,9642,959,10341,14382.479290300153
04:35,50,118,170,291,3459,2606.8212559609037
04:36,75,147,2393,331,3408,2279.933186444663
04:37,67,202,8508,51,795,2178.3941431046833
04:38,28,80,216,325,3905,1742.0100690845652
04:39,64,225,6376,329,4047,6579.412022073475
04:40,51,184,8363,583,6217,7197.558751686021
04:41,26,152,1990,415,4459,4611.041790236477
04:42,20,94,1476,23,494,753.3882559976598
04:43,36,169,908,406,4813,5173.599425305756
04:44,41,113,2363,803,8938,3200.955930994859
04:45,70,149,8226,194,2547,9440.413881043121
04:46,62,183,5511,469,5036,5199.458868620334
04:47,75,176,7889,110,1746,2589.6740217681054
04:48,20,188,1338,976,10288,5360.433722691853
04:49,46,237,1700,747,7878,5071.245057639638
04:50,60,216,9011,56,1300,3982.213420587136
04:51,94,224,12091,209,2654,7895.820384502191
04:52,30,222,3316,60,1494,2879.4643417012985
04:53,49,228,4838,693,7025,7667.315330371441
04:54,48,86,1678,944,10437,6549.7574147632395
04:55,92,172,12339,442,4529,2772.0726204265156
04:56,72,171,1805,127,1493,1929.9422453619077
04:57,69,107,5173,611,6692,6646.7180962370385
04:58,24,97,1286,219,2309,1938.6009980636572
04:59,41,113,1062,263,3212,2797.235296303089
05:00,96,105,7156,220,2540,5377.8052681631525
05:01,96,181,7773,70,1675,3356.57348122447
05:02,64,180,1298,905,10002,5641.476371433957
05:03,89,128,10114,185,2629,10774.764993364675
05:04,81,133,10692,62,1287,4885.868502709997
05:05,23,101,341,580,6022,6267.577868776635
05:06,33,199,5355,761,7897,2832.8796383101903
05:07,82,122,5526,478,5438,3737.35819937016
05:08,90,87,1505,624,7157,4803.288639520551
05:09,91,122,7926,329,3356,6914.547059879786
05:10,82,241,8938,260,3002,5854.236419037469
05:11,69,233,12121,696,7054,10920.018730215099
05:12,21,206,2491,408,4094,4210.454125269656
05:13,41,219,8208,401,4780,7856.534591467102
05:14,52,233,2868,730,8135,1824.0223182746374
05:15,31,200,804,77,1400,1392.550741721428
05:16,55,150,4838,28,944,563.8274924083618
05:17,76,205,7409,237,3107,4168.683628500423
05:18,61,148,2552,507,5360,3799.3307204109765
05:19,85,217,2528,692,7909,3615.6391827904754
05:20,87,167,3184,117,1595,3198.49196737397
05:21,44,143,5866,374,4686,5217.017697426502
05:22,48,220,1937,519,5242,6146.698750943475
05:23,42,238,8000,395,4210,9286.221741491583
05:24,95,103,9276,284,3658,5874.684000611502
05:25,28,223,3226,664,7205,5630.354436030217
05:26,68,108,5886,996,10689,8670.209653366263
05:27,65,116,2879,700,7734,9154.984433322341
05:28,21,242,497,622,6471,2765.809874934494
05:29,21,87,432,614,6213,2768.609561340057
05:30,87,120,9969,667,7554,8040.0416170636
05:31,42,133,2526,307,3518,2989.2258308509927
05:32,71,192,10958,105,1394,3459.353190614478
05:33,85,168,12486,993,10134,13442.96837916701
05:34,35,144,3203,755,7641,3452.733738652737
05:35,67,92,3630,355,3765,3231.379320496068
05:36,52,220,9930,145,2129,4499.659798044383
05:37,71,240,1208,504,5962,4221.6196767500405
05:38,40,125,3233,310,3816,2890.1910943907023
05:39,89,134,7182,733,7728,14701.886786663461
05:40,45,178,2379,760,7686,3030.885181032287
05:41,45,110,2015,472,5593,5197.344007625828
05:42,97,140,433,904,9323,4205.042047520232
05:43,99,230,11873,173,1964,2779.759772250527
05:44,62,132,228,547,6216,3483.584132090541
05:45,74,205,3636,499,5391,874.364874086095
05:46,22,153,2234,857,9532,1710.6944076316552
05:47,80,234,8434,478,5116,11001.570431002187
05:48,62,123,4592,128,1708,3103.2563069212274
05:49,91,123,9671,728,7620,7540.525043441608
05:50,20,149,2727,589,6058,4379.775005212397
05:51,24,141,2740,362,4416,1964.9671241901606
05:52,79,214,1099,586,5971,1041.2421106150218
05:53,88,184,8893,812,9095,9999.301603991704
05:54,60,149,5591,618,6405,2466.3585277540983
05:55,22,192,1394,920,9479,9757.786014116566
05:56,99,100,2936,699,7978,8790.087636338143
05:57,44,81,190,653,6735,6119.9371486067475
05:58,54,123,2216,895,9040,5756.0873480169785
05:59,93,177,7635,866,9082,16784.232865737562
06:00,71,195,1821,568,5681,7497.696708048459
06:01,27,178,2951,338,4238,4941.793135139336
06:02,89,152,10212,864,8921,14794.23054990235
06:03,87,157,1503,486,5742,5260.742397659986
06:04,57,118,6274,625,6306,5536.49530865234
06:05,74,215,10621,111,2029,8350.49730838966
06:06,37,95,817,965,10475,1045.221046628542
06:07,62,204,5659,111,1756,6251.7224659729245
06:08,85,119,7227,283,3042,5428.0825157006675
06:09,57,235,2497,519,5495,5342.346361445836
06:10,62,141,6048,166,2079,6925.000029497079
06:11,82,102,3950,546,6382,6637.0301426463575
06:12,89,161,11749,620,6363,16244.946058840753
06:13,98,186,6240,502,5787,9246.754091220751
06:14,35,189,952,364,4398,1434.0962973508927
06:15,28,156,584,839,8564,6315.738496503272
06:16,100,230,12777,350,4301,8511.492407090576
06:17,59,151,1269,339,4285,1580.462700451995
06:18,32,150,3143,5,214,1794.934798501047
06:19,45,95,2465,614,6451,3117.2364290681053
06:20,89,198,5763,28,1027,3350.3287251057727
06:21,66,222,3353,399,4459,2832.930865958527
06:22,33,186,2785,17,1146,1145.9496859506046
06:23,64,123,2580,465,4744,4345.800595134519
06:24,31,207,2694,580,6007,3538.252312784628
06:25,53,106,2450,716,7172,6706.913466253136
06:26,34,87,2645,261,3441,2625.254518988868
06:27,68,91,2995,355,4315,1915.983709322588
06:28,44,101,3280,451,4636,5816.6329819519915
06:29,53,194,9346,473,4749,11289.766467022162
06:30,40,209,3815,896,9770,3775.592998253498
06:31,37,179,396,899,9183,8453.682794759005
06:32,52,145,4241,686,7348,2055.5104472692433
06:33,28,104,1723,699,7541,2706.5269193497656
06:34,69,158,2296,87,1399,3483.824637174813
06:35,82,127,4477,335,3844,4936.877107300523
06:36,69,103,1435,954,10217,5623.185581312106
06:37,29,243,2808,776,7862,2453.184068265434
06:38,58,180,10272,619,6793,4328.73147916627
06:39,54,211,6791,322,3576,4915.629352187268
06:40,56,142,1484,32,335,1568.7039468073874
06:41,66,208,10847,32,1276,4744.075345927429
06:42,49,126,3647,961,10488,8963.283323588345
06:43,73,138,2867,943,10341,8938.649667735202
06:44,88,167,2476,860,9277,4045.5049152568927
06:45,48,223,10096,349,4039,8363.739298604902
06:46,59,249,8228,122,1718,6359.91871274917
06:47,53,134,4045,448,5036,7899.242902255528
06:48,34,184,3672,958,10519,6650.725219982403
06:49,58,237,9385,599,6053,13298.272653232481
06:50,63,236,5387,614,6957,8202.766614999164
06:51,75,229,7581,997,10279,12668.924651851496
06:52,21,228,683,433,5177,5817.854487715719
06:53,85,246,20366,283,3397,21477.539733643596
06:54,34,85,647,838,8951,4136.870552729082
06:55,29,93,1381,624,6821,3244.8984065777677
06:56,56,190,2914,779,8020,7315.447391301202
06:57,30,99,2635,755,7717,7622.332244787136
06:58,86,180,12718,475,5056,6070.548581999836
06:59,82,116,4675,600,6120,6265.212377078858
07:00,99,92,1530,643,6547,6326.151360485865
07:01,28,82,642,504,5773,3904.710798936647
07:02,24,137,3034,185,2292,2069.8105141564715
07:03,77,85,3473,825,8944,3723.2483891064494
07:04,63,224,4082,101,1479,4430.158862788208
07:05,22,159,1464,491,5197,6411.601587718662
07:06,21,169,967,526,5264,5084.966322191994
07:07,73,102,301,796,8111,7102.930220062984
07:08,35,118,1380,832,9146,2819.8662997340316
07:09,88,224,12285,827,8747,6481.686805279353
07:10,94,240,20511,820,8904,13290.815540435598
07:11,89,91,1530,797,8591,9093.052300181604
07:12,96,99,7910,277,3598,5328.71722267909
07:13,35,172,5261,206,2608,7013.571964694408
07:14,28,220,1908,551,5670,4204.188382983136
07:15,39,224,4231,163,1921,4916.556080032397
07:16,92,91,828,437,4791,3751.9252745454137
07:17,73,149,6541,439,4454,8525.148639604871
07:18,27,211,1503,203,2933,3281.339459966045
07:19,90,231,19402,241,3333,12429.6822777835
07:20,54,149,7746,505,5895,6916.559383394149
07:21,98,243,14308,83,1698,11580.444740671926
07:22,73,145,8685,880,8835,4782.318474254969
07:23,99,205,6180,761,8296,9181.084227072395
07:24,85,201,8238,610,6690,4663.041628048831
07:25,98,92,3202,4,180,1482.6219930290604
07:26,77,165,9392,253,2866,9291.432783651151
07:27,92,89,4113,196,2487,4420.751269799079
07:28,51,136,3911,169,2009,4987.686653086293
07:29,98,143,4659,570,6346,5481.686917318755
07:30,88,162,2214,265,2810,2083.163780743094
07:31,62,174,9811,411,4783,11838.66729882979
07:32,56,225,5141,756,8491,11739.837088419687
07:33,65,94,3478,729,8110,5814.656309908466
07:34,36,228,5065,358,3725,4608.894387198303
07:35,57,229,5110,185,2421,3971.510575324709
07:36,58,220,9106,924,9652,4973.308181862323
07:37,30,92,1494,194,2194,2661.459549197729
07:38,56,113,285,712,7241,6801.749405850991
07:39,40,191,3301,586,6790,8835.535457204962
07:40,92,193,4973,363,3894,5365.943132536533
07:41,78,115,7501,372,4596,4681.712025772203
07:42,73,138,517,352,4211,4432.047694161813
07:43,51,172,2569,999,10566,9593.926614710648
07:44,74,242,4784,176,2313,4328.38373944952
07:45,28,174,2692,456,5327,5422.428733545392
07:46,23,187,3954,776,8553,7479.000788413191
07:47,38,182,1908,254,3126,3210.732172928565
07:48,100,198,5680,282,2870,4287.042145534715
07:49,52,244,5242,42,1114,1135.8409329412539
07:50,96,222,3302,917,9272,4771.828077197603
07:51,62,104,4588,844,8925,4691.305213261032
07:52,64,219,2559,879,8804,9219.617737697197
07:53,61,182,9280,238,2617,2868.6635138654556
07:54,36,195,2218,674,7200,1743.388918511942
07:55,20,162,2346,85,971,1279.4730715306305
07:56,94,109,8848,152,1932,5336.551452067068
07:57,88,128,3118,714,8103,1773.9758678866249
07:58,46,103,2245,224,2900,2491.4722355396757
07:59,45,231,422,315,3265,2667.8386815734084
08:00,73,95,2414,745,7834,9933.25380894102
08:01,55,111,2055,681,7747,4346.333812273824
08:02,43,212,477,640,6774,1329.9324971203919
08:03,38,153,5689,742,7464,8520.658818024547
08:04,60,185,9996,680,6939,13926.093943241154
08:05,46,231,7582,997,10300,11162.182748538644
08:06,72,185,10590,136,2004,3012.1909605269557
08:07,20,217,1690,508,5781,3243.948581301108
08:08,94,137,2665,466,4966,3186.8212038342617
08:09,23,95,1512,40,453,1896.6182943260778
08:10,46,133,3417,222,2361,2831.201906548018
08:11,91,209,5900,565,6645,4702.487888277352
08:12,26,91,2221,702,7915,4272.305679431408
08:13,40,249,7452,536,5802,11265.248816130108
08:14,35,80,2688,371,4290,2111.0970097314976
08:15,47,238,2683,791,8677,11825.371551697013
08:16,72,86,2804,844,8777,8085.731783133703
08:17,88,205,2563,110,1487,2966.7648271264443
08:18,40,137,4858,95,995,2297.8755018681322
08:19,67,225,10330,990,9915,6802.204643397423
08:20,98,237,3848,501,5243,5035.912535023693
08:21,46,185,3166,277,3300,1078.385701873779
08:22,84,187,1476,384,4023,5531.513093064275
08:23,26,176,1734,309,3921,4286.515055577094
08:24,99,188,12370,647,7263,10614.945082130067
08:25,57,130,1406,306,3907,3546.3523060658945
08:26,91,151,10252,917,9512,5669.340850735581
08:27,84,168,5836,203,2708,5537.853040834188
08:28,26,93,1300,188,2859,3226.756679527218
08:29,28,164,3536,433,4849,7702.211174200053
08:30,34,234,6085,664,7180,5838.13411579656
08:31,45,108,2592,759,8485,7663.119748326806
08:32,40,105,292,241,2601,1881.4378886133804
08:33,25,111,2298,138,2150,2669.4363967775585
08:34,92,221,18207,182,2325,8735.213049661206
08:35,41,135,1981,593,6511,1573.1546734401427
08:36,41,211,5237,681,7384,6428.381046265178
08:37,65,217,8288,571,5999,3011.971208809542
08:38,79,184,3333,284,3123,2818.3072687757012
08:39,57,147,1406,43,1289,1083.8016804605213
08:40,74,244,17515,881,8860,11943.657993406385
08:41,27,186,4641,780,8430,11027.01389793216
08:42,20,174,368,815,8371,2394.7106657102186
08:43,23,121,1314,951,9987,9271.402807576831
08:44,24,105,922,58,767,1191.9642307364875
08:45,84,210,6579,57,1130,2564.6453843149166
08:46,96,192,5300,192,2047,7030.48287519985
08:47,72,178,2193,523,5289,6553.925028267891
08:48,42,197,6723,520,5272,9035.050745564266
08:49,65,162,9966,760,7796,4481.725996827385
08:50,58,209,11569,104,1397,3094.4865565556793
08:51,73,177,7282,918,9540,5011.524377854675
08:52,46,232,5095,971,9765,5015.021080090943
08:53,24,87,1353,884,8887,8388.103098680156
08:54,92,184,5616,608,6467,8338.129430162935
08:55,57,191,3490,110,1375,2283.1170148978167
08:56,43,243,10087,636,6432,5348.881576300135
08:57,99,91,5447,476,5418,5501.317502117074
08:58,38,94,958,288,3524,1638.8004121264198
08:59,99,101,8370,69,1159,3891.8288134153145
09:00,49,119,2289,296,3364,5448.611866949736
09:01,77,208,2568,159,1846,1034.7688296223057
09:02,32,116,2353,540,5919,1007.2196546902154
09:03,93,222,15582,258,3319,15295.643041033865
09:04,28,149,3491,597,6554,2578.658944994324
09:05,39,146,2664,2,176,173.66574968624025
09:06,87,245,9209,939,9767,9387.966206345198
09:07,35,193,2482,655,6847,2594.4716903280014
09:08,37,216,4426,306,3871,3956.443106374744
09:09,60,248,5664,707,7197,6528.420566090168
09:10,44,93,3094,700,7761,3949.9024015697205
09:11,43,200,1634,906,9104,8935.494665990691
09:12,79,164,6644,717,7211,7532.439515487084
09:13,21,237,1950,826,8646,9166.27920760531
09:14,34,115,921,199,2091,1538.3347663302752
09:15,33,203,4879,882,9232,3908.92517613128
09:16,27,246,5263,460,5508,1931.157595539409
09:17,85,103,1522,17,560,447.56917483778864
09:18,69,160,4952,222,3163,4554.998230391393
09:19,29,227,5699,820,9087,9729.403955967495
09:20,88,114,6648,550,5644,3335.876856377256
09:21,91,96,284,786,7914,4827.9500364515425
09:22,100,245,11481,722,7508,12879.106102716769
09:23,93,138,7996,243,3363,2083.271469156234
09:24,60,226,537,751,7598,7219.095746261085
09:25,75,214,12161,430,5286,9375.385871172955
09:26,84,122,379,871,9368,4415.693015742741
09:27,87,133,1599,885,9772,8680.86926190447
09:28,67,168,4515,880,9534,5148.454079437037
09:29,65,165,2456,43,742,2085.303684382812
09:30,87,228,10326,747,7631,6238.835854522251
09:31,84,151,11252,191,2576,11386.793090907007
09:32,75,211,2004,511,5652,2655.5758148528403
09:33,67,213,3891,730,7554,7438.632642211334
09:34,53,144,748,314,3565,2316.4549084305067
09:35,20,210,1545,766,8569,2246.746126500442
09:36,94,203,4123,257,3145,4298.372678904253
09:37,52,210,4535,466,5485,3982.6645498367334
09:38,56,247,7067,731,7885,12875.075283279162
09:39,27,229,1524,724,7736,7493.7004550869315
09:40,86,213,12357,657,6853,11130.213098011362
09:41,90,210,3771,210,2177,2605.9420098194446
09:42,49,115,2867,955,10144,11138.019848293154
09:43,37,210,5926,911,9477,14090.529416526433
09:44,60,250,11709,979,9991,19460.927442234133
09:45,78,210,15383,555,6094,3662.214744101084
09:46,23,191,2407,995,10536,9261.19971822738
09:47,61,80,933,461,5528,2392.1678597474174
09:48,85,129,969,100,1629,704.7149926593245
09:49,57,125,5080,746,8333,1713.8361902364773
09:50,92,111,5567,244,3141,5931.737689840134
09:51,91,183,7783,328,3479,9001.353453201735
09:52,84,120,6925,891,9781,12918.077707959048
09:53,43,196,5715,367,4534,3212.2964291160224
09:54,76,93,3136,734,7688,5031.874619095576
09:55,79,160,11418,213,2708,9401.635632690723
09:56,73,184,2194,328,3991,3971.988858029423
09:57,40,218,5246,943,9735,6216.162681693211
09:58,92,90,7731,523,6106,4546.241610199717
09:59,32,232,3023,650,6773,6403.2053457163365
10:00,97,187,12420,253,2630,2894.8991628809486
10:01,57,192,1310,631,7022,1990.3239565156555
10:02,64,110,5309,24,334,3420.891338876754
10:03,50,212,9968,371,3802,8734.482436770413
10:04,72,172,1728,309,3833,4660.0872411931405
10:05,68,221,3716,670,7199,2460.0392537571256
10:06,33,95,1138,850,9152,2121.2465278565487
10:07,73,169,7041,232,2819,6052.863141218749
10:08,88,101,3332,660,6904,6549.609631377275
10:09,30,92,737,132,1426,839.7002323999741
10:10,64,234,8655,584,6602,3377.7554954508823
10:11,83,188,13735,880,8860,13170.782889412334
10:12,100,230,3955,597,6503,5248.963224972145
10:13,43,165,5301,819,8202,8973.474158573876
10:14,44,100,2414,334,4328,6640.8533910107335
10:15,24,88,1743,797,8330,7871.519665273106
10:16,56,90,936,85,1072,517.1060383005481
10:17,38,237,8125,668,7625,12826.394222869352
10:18,46,130,3361,878,9747,7929.990277814917
10:19,82,164,12586,391,4722,8963.218890303006
10:20,36,155,738,195,2079,1873.4539670674767
10:21,72,112,6210,386,4811,5015.490325120138
10:22,85,227,18650,644,6561,21541.633652933448
10:23,68,94,4605,462,5302,3916.8680167017915
10:24,48,164,1827,180,2164,2541.3465290612116
10:25,98,195,5205,439,5024,9240.892926150442
10:26,33,205,5936,192,1926,1947.1231767825266
10:27,95,227,10859,560,5875,4642.2387404082065
10:28,97,204,14261,617,6180,14058.90956813013
10:29,88,111,1286,746,8235,2732.5892824784924
10:30,51,210,5311,534,5986,4734.385847107539
10:31,86,181,13904,950,10170,12559.315425571085
10:32,54,245,5282,666,6821,8342.514906959765
10:33,37,237,7188,21,418,6692.255795734429
10:34,82,204,9421,652,7322,5970.061562359191
10:35,72,160,8032,649,7186,5438.327783907662
10:36,32,236,2383,345,4162,1100.1926464524577
10:37,43,240,9409,93,1394,3550.6863988749783
10:38,89,220,19302,999,10622,14260.800423099827
10:39,24,241,5415,172,2229,3077.2376676754275
10:40,90,247,15921,786,8202,8673.565523873447
10:41,85,166,12210,131,1482,9891.68081597448
10:42,79,112,7966,855,8946,16512.988359777937
10:43,98,135,10191,799,8533,13589.674970498685
10:44,59,96,1748,2,460,1514.6454316808977
10:45,38,212,4005,122,1620,3670.168449603744
10:46,76,194,1759,383,4403,5459.172068129744
10:47,47,139,2313,252,2827,3443.0762625029092
10:48,42,225,8479,281,3674,7598.424278889628
10:49,72,144,5090,115,1246,2994.0894894780354
10:50,31,183,258,874,9636,4192.83839740112
10:51,21,221,1600,762,7968,2840.869872259332
10:52,20,152,296,868,8885,5570.647465455047
10:53,32,233,6589,832,8921,11145.788071169343
10:54,34,213,3821,618,6809,9120.566049404502
10:55,30,82,1113,65,1487,1958.7208658333068
10:56,74,229,16641,320,3277,13621.605773762785
10:57,21,80,440,658,7374,1509.1059005764473
10:58,85,134,1637,364,4025,1670.1551005416081
10:59,95,192,4382,244,2647,4855.478483796721
11:00,87,209,4351,114,1836,4899.0067233278805
11:01,90,178,12476,22,323,10157.21315556597
11:02,77,244,2339,723,7765,9237.768370175407
11:03,22,154,2125,590,6824,6143.30631439077
11:04,26,202,775,862,8862,7940.29409386051
11:05,69,141,6635,272,3010,6256.693529511739
11:06,83,193,12311,400,4761,5057.090845648089
11:07,48,204,2324,977,10052,6302.719099869398
11:08,63,200,1517,261,2636,2838.175445369662
11:09,28,208,2583,786,8263,8627.503173228464
11:10,34,244,7484,59,996,3812.1625934672156
11:11,87,183,4886,225,2335,3552.348996734415
11:12,42,191,7249,676,7566,8696.844475104559
11:13,32,168,1760,975,10370,5088.6884945157035
11:14,50,123,832,826,8454,9290.81739205015
11:15,62,183,9888,131,1990,1056.5648390888148
11:16,75,213,1748,683,7432,2413.4931165419866
11:17,80,195,14876,637,7090,8457.839296849934
11:18,70,240,12070,752,7766,11010.138641615891
11:19,92,131,7151,208,2828,6322.970138110161
11:20,85,114,3600,8,115,3345.0003707232904
11:21,30,139,467,352,4298,1152.7284493440295
11:22,60,88,3998,719,7698,5929.943231971207
11:23,48,209,929,311,3756,644.2423885588596
11:24,95,154,11021,267,2985,7052.828342215838
11:25,31,186,3475,40,431,3419.677481695363
11:26,74,83,4248,489,5484,6604.722424611959
11:27,40,220,8410,239,2571,1323.4156407927328
11:28,36,235,4743,44,771,2342.9732426758114
11:29,73,179,7703,855,9430,12284.244200055073
11:30,22,150,2256,425,4792,1135.1577377977317
11:31,31,249,3593,623,7164,7873.229568036573
11:32,24,184,487,892,9526,3075.649397684071
11:33,54,134,4070,829,8411,9534.04594178803
11:34,90,96,7951,281,3291,2912.8711320388006
11:35,24,235,3195,405,4209,5001.985209015729
11:36,83,109,6507,152,1690,2744.315688379285
11:37,38,206,1698,886,9838,3073.636639269579
11:38,62,191,7200,959,10463,7131.171692242483
11:39,51,81,1779,792,8864,3989.6549192649327
11:40,78,187,11174,205,2372,7751.466221332966
11:41,48,129,886,53,617,626.5909697615351
11:42,35,232,7230,661,7462,5186.888595026799
11:43,29,249,2823,982,10681,8159.829985058328
11:44,74,200,3928,928,9857,13123.13744826995
11:45,27,109,1738,482,5384,3287.2241804264704
11:46,96,238,13656,179,2149,13773.816073636335
11:47,23,143,2244,517,5355,2148.7001474070094
11:48,84,211,14225,531,5442,8995.156253328592
11:49,32,142,1599,773,8090,4837.504445063515
11:50,24,89,1048,370,4003,4869.371912004328
11:51,83,236,5985,239,2833,5623.450741159378
11:52,44,123,709,876,9100,3212.106783241147
11:53,96,83,2225,661,7011,8979.747546838975
11:54,56,218,846,604,6766,5540.0473085993835
11:55,88,102,3029,504,5823,3919.0308178833584
11:56,94,101,7936,762,7687,8558.620212280384
11:57,100,201,8495,322,3391,3783.684690720108
11:58,20,180,540,162,1696,1353.7215943423444
11:59,40,186,5289,701,7881,7297.041006433401
12:00,33,132,1376,81,815,1398.0314020673368
12:01,79,238,13952,886,9051,6823.706938403629
12:02,87,184,9369,611,6662,9956.9077037536
12:03,92,97,2991,648,7103,6713.766371319223
12:04,49,100,2084,300,3795,1883.2349111887086
12:05,76,238,4531,758,8418,5614.929978198425
12:06,29,214,5555,972,9740,10042.396520006643
12:07,78,103,7123,773,8293,10584.043893672237
12:08,88,156,8544,374,4172,6753.399659351899
12:09,23,246,1444,423,4498,3869.7307865817993
12:10,88,128,632,544,5736,5938.508089144015
12:11,62,200,5673,445,4535,6956.6844999625955
12:12,70,194,11744,991,10545,6377.162864359412
12:13,87,154,10167,44,501,4375.1209653234555
12:14,50,235,11287,91,1081,3136.911885881292
12:15,73,161,9873,999,10909,13682.113034472664
12:16,80,157,7046,647,7336,7291.18013402706
12:17,61,229,4568,938,9944,9738.309458230451
12:18,22,182,3172,518,5966,8246.90257937333
12:19,43,121,2705,20,926,2781.635216922283
12:20,91,178,3569,365,3772,2638.1011639075273
12:21,98,170,15634,382,4616,10128.261848137226
12:22,56,226,7654,472,5376,6036.072266046828
12:23,44,117,473,932,9698,6656.051842705053
12:24,49,215,6774,276,2921,2134.026680341525
12:25,34,246,2868,386,4627,5230.075242302246
12:26,46,102,2900,721,7234,4786.583916215486
12:27,55,183,5069,471,5494,8394.958215864917
12:28,57,169,2045,999,10814,2602.8144753410397
12:29,63,162,9979,280,3756,2172.345533583188
12:30,38,223,4370,223,2767,4164.522281027551
12:31,68,126,2408,150,2264,3749.879513131594
12:32,73,84,2942,329,4173,2438.093131532477
12:33,20,124,1648,530,5926,1461.222645954966
12:34,66,121,7590,76,1343,2168.4254547050487
12:35,20,97,241,882,9396,4494.2548807664625
12:36,98,241,1981,771,8178,2479.6586652826986
12:37,32,135,3720,932,10009,2649.465943464047
12:38,54,193,1788,6,769,2221.2166401149416
12:39,55,107,5732,606,6474,7728.588938066416
12:40,66,217,2617,725,8191,9713.74299881303
12:41,62,194,8224,455,5195,4771.900998088884
12:42,73,129,4252,285,3409,3505.829539486387
12:43,98,234,12468,746,8307,13153.180600951531
12:44,45,183,6235,511,5658,4836.737164201259
12:45,24,88,240,644,7078,1153.3190657815394
12:46,22,111,699,812,8719,3268.3705643215217
12:47,49,196,3284,876,9188,7086.178551931185
12:48,80,185,10900,122,1583,2667.7115007804973
12:49,43,128,1661,7,121,1214.7771034913885
12:50,74,167,623,795,8119,2954.3198191701217
12:51,71,136,7946,512,5422,11135.673270655569
12:52,39,142,1589,863,9490,7251.453131428325
12:53,74,210,3808,734,7408,8342.402171542863
12:54,23,149,2983,143,2142,3936.3075588181473
12:55,22,113,384,423,4629,4520.684137019065
12:56,49,131,5255,658,7181,4563.732524350544
12:57,27,86,1653,474,5386,2855.8654136671666
12:58,80,179,6714,212,2458,4147.415723232702
12:59,78,138,5532,188,1969,622.123854765362
13:00,43,235,3265,595,6027,5630.951323141748
13:01,71,136,2447,46,1283,2463.509679496478
13:02,22,90,901,625,7057,5100.784460716551
13:03,71,93,6376,391,4037,5331.49600267783
13:04,20,144,360,437,4853,3032.1270361671027
13:05,84,130,5474,252,2792,2032.6567448153673
13:06,93,151,10751,363,4506,9641.931922123307
13:07,30,156,2045,456,4923,2243.8821457609843
13:08,22,192,2722,769,7982,2882.7166538018278
13:09,26,223,2735,278,3445,1405.352587214903
13:10,29,238,3701,261,2779,2217.496565716356
13:11,34,134,1861,230,2319,2684.2369572490943
13:12,37,151,335,626,6437,4206.054217620232
13:13,64,101,4730,697,7391,6283.974658059002
13:14,43,94,1653,80,1020,1382.4098130025031
13:15,95,214,5835,346,4117,3959.560752618776
13:16,78,232,1624,770,8560,2336.614893838285
13:17,36,90,717,803,9026,2536.7542507798794
13:18,43,152,4509,416,5018,4904.380353070122
13:19,58,170,6238,440,4753,4764.168617813764
13:20,35,100,907,303,3841,3074.9102180095815
13:21,85,137,7261,946,9652,7942.537811077598
13:22,62,207,1122,641,6508,2753.984296838437
13:23,64,195,367,955,10336,4686.457578842788
13:24,48,159,5283,942,9546,11206.142199242928
13:25,41,201,1711,317,3191,3857.0581972034643
13:26,50,228,10129,506,5826,5149.675864552255
13:27,95,133,1714,562,5769,4593.272515459606
13:28,33,199,3622,382,4749,3085.0603952373704
13:29,26,94,1013,816,8856,4066.1998121432534
13:30,67,152,5214,230,3005,6392.635399447901
13:31,56,142,4097,318,3216,6982.187712653762
13:32,33,154,290,538,5807,4556.99486408664
13:33,74,147,5011,87,1421,4254.8881955324805
13:34,31,125,3530,21,429,961.4717429976349
13:35,51,201,9191,997,10864,19498.610699259196
13:36,20,111,565,565,6105,2016.6229493287778
13:37,43,98,2246,758,8225,2999.1226424715433
13:38,50,157,835,718,7766,4764.255821917372
13:39,37,198,3938,771,7826,7363.736710219433
13:40,83,104,4334,727,7367,2994.07146684128
13:41,21,247,4120,882,9809,7262.525462339618
13:42,47,124,877,84,1034,604.2381700449157
13:43,28,111,3009,180,2341,3308.1405234700624
13:44,53,85,2729,400,4409,5515.068970912918
13:45,70,171,9702,597,6788,9218.624149053974
13:46,84,233,8401,91,1339,3828.387752359139
13:47,94,108,4065,220,2638,1973.9177597928278
13:48,57,198,1381,214,2750,3825.423557569832
13:49,84,213,2174,893,9039,1671.732371385031
13:50,52,114,2284,697,7418,9319.060187727906
13:51,28,245,911,289,3425,3624.871883115568
13:52,52,133,3590,248,2890,3408.406299978581
13:53,100,110,1109,23,457,1241.8834019502274
13:54,62,113,621,105,1415,784.237546905715
13:55,34,228,2233,476,4788,4590.83621454642
13:56,38,88,1821,721,7669,4385.646528975534
13:57,78,97,6688,800,8918,5662.703349161123
13:58,43,105,4352,366,3783,1861.8402264990561
13:59,84,189,13813,549,5599,11036.806404587236
14:00,28,121,2662,950,10421,6656.602256996001
14:01,45,156,307,747,7842,8128.371300896344
14:02,51,195,5401,965,10334,8555.255590576979
14:03,59,122,2427,218,2914,1312.6234801107794
14:04,72,206,3226,757,8085,6201.07465843113
14:05,59,122,3184,968,9932,4102.9299566095015
14:06,34,198,4276,475,5429,7070.390239245377
14:07,89,226,16104,420,4607,2917.8354930444916
14:08,45,148,5048,519,6175,9234.828382345675
14:09,91,81,2858,765,7737,9704.001799966552
14:10,88,175,10391,718,8101,10202.57277802954
14:11,64,206,1872,852,8858,8901.23807769956
14:12,66,233,13647,921,10204,16730.41849507582
14:13,70,216,10989,913,9346,16151.618391126805
14:14,84,142,3956,733,8195,9368.197824725354
14:15,49,249,8657,117,1605,8110.5415809487085
14:16,80,124,4147,203,2559,5095.561980103177
14:17,69,212,10996,166,1958,2032.6939877225811
14:18,77,234,7424,777,8101,6152.107133739638
14:19,62,216,12577,464,4898,5320.564397793884
14:20,67,231,4503,673,7589,5208.729637212497
14:21,45,181,7453,34,622,3789.7066449109357
14:22,76,210,15280,138,2257,3243.925703790583
14:23,79,228,9019,558,5783,8920.381605705896
14:24,34,216,5859,504,5712,7504.876950350155
14:25,85,180,14950,173,2070,11880.044623963382
14:26,97,91,6605,319,3847,5979.286977733023
14:27,60,150,8297,426,5165,7966.764272221205
14:28,90,126,4849,610,7080,6841.095313929628
14:29,32,93,2173,689,7224,5721.205184411165
14:30,46,123,3870,162,2402,3014.1108753728736
14:31,59,126,6792,690,7263,5187.31323957022
14:32,41,118,3012,773,8346,11324.25647534876
14:33,49,118,4098,507,5373,4605.035653960422
14:34,54,212,4194,395,4215,6349.465651957054
14:35,100,229,10316,448,4509,13979.387175852375
14:36,99,103,4769,144,1488,3201.886762970031
14:37,41,205,1853,739,7626,9042.026275483868
14:38,55,234,4298,535,6215,2833.8163863756986
14:39,67,151,2432,523,6159,3293.050352404919
14:40,74,218,14228,328,3690,7880.086564627649
14:41,66,222,13321,365,3961,13603.581622478298
14:42,37,97,1034,161,1680,601.3283246731129
14:43,32,86,2560,163,2171,2268.1515999519693
14:44,45,138,3222,104,1058,1142.76926967885
14:45,45,96,403,334,3846,1913.9264546556506
14:46,43,119,2654,368,3750,2552.8674290555746
14:47,67,180,1797,411,4494,2299.558283206792
14:48,40,241,3819,941,10193,6039.655592391786
14:49,80,219,938,404,4938,3372.0712681388886
14:50,60,137,7923,308,4078,1490.9107948719065
14:51,96,90,8083,35,640,4156.047659305395
14:52,83,191,2120,241,2741,2565.566421389943
14:53,60,145,5585,82,1144,4118.3948055615865
14:54,72,229,7058,25,869,7026.3323370817725
14:55,81,249,13430,563,6136,2804.4221581862676
14:56,80,169,5510,244,2566,5659.253632895565
14:57,34,220,2633,671,6808,7478.373000271942
14:58,31,189,3346,571,6360,5177.702614933764
14:59,46,142,4858,121,1961,4440.870392791698
15:00,35,128,1680,777,8082,2439.7627000976036
15:01,50,164,2598,922,10041,9186.388953383655
15:02,62,222,8215,55,791,4132.4378770191015
15:03,85,192,8391,589,6683,5883.9391258998985
15:04,70,241,3517,608,6142,5822.900760446011
15:05,55,187,7684,122,1278,4084.718944452221
15:06,28,216,1073,737,7634,8061.5178294417
15:07,50,199,513,601,6105,895.3276253307961
15:08,53,242,4899,514,5946,5292.626865061946
15:09,35,231,5105,634,6805,3451.8687150455276
15:10,53,216,6389,758,7741,10350.835674398935
15:11,29,180,580,972,9775,2891.9639004689225
15:12,22,210,1178,348,3964,1283.3827340947
15:13,21,227,3702,224,2305,3245.437577509649
15:14,83,169,10576,518,5410,7813.825519152122
15:15,83,200,15293,582,6355,4896.562412965392
15:16,75,225,3532,661,6886,2865.556850012479
15:17,47,157,7314,338,3577,6123.48202516068
15:18,44,199,6402,724,8062,5828.454547677059
15:19,69,234,311,828,8948,9147.829659794068
15:20,64,124,1388,382,4236,2828.5254600090548
15:21,57,80,3751,297,3897,5100.629402280267
15:22,67,114,6497,929,10122,13537.227079372997
15:23,52,145,2707,476,5426,5683.076688848828
15:24,26,87,492,197,2824,1896.016960924192
15:25,31,216,6604,228,2407,3800.4132586556757
15:26,87,235,11676,856,9495,4429.78935305349
15:27,70,85,2075,513,5820,1735.7222854570502
15:28,98,124,7251,312,4083,7210.645357817462
15:29,66,201,10876,89,1146,8420.15095091801
15:30,52,100,662,946,9513,8455.310274578624
15:31,27,143,2566,170,1934,3118.3906995486714
15:32,72,247,14468,80,1013,9976.6060763736
15:33,44,118,4878,199,2691,6552.724966831557
15:34,30,131,2194,601,6469,2903.084838262965
15:35,94,168,4379,733,7901,8325.4660901679
15:36,45,136,2270,595,6442,1230.4664783661722
15:37,90,108,4647,352,3563,5090.833770147469
15:38,75,135,3209,606,6811,8276.502879068354
15:39,60,227,10079,146,1974,6943.833004667595
15:40,55,93,398,267,3331,1134.829707940562
15:41,57,169,6860,128,1367,4528.1405225911285
15:42,84,188,15059,256,3397,3491.759730259726
15:43,56,175,7519,78,1029,1942.3756376371089
15:44,69,147,2256,489,5583,3459.690742121397
15:45,97,229,1969,589,6388,4973.614120974105
15:46,36,218,783,742,7725,1143.025371214446
15:47,39,112,2557,37,1142,1262.7475513608256
15:48,78,247,1992,543,6157,2513.355797182406
15:49,50,194,2982,163,2370,1870.1846132319552
15:50,99,111,5796,737,7582,7022.731998468599
15:51,38,196,5135,347,3558,4490.789390632139
15:52,94,247,8493,148,1497,5617.963312291456
15:53,27,171,3880,806,8944,8260.526526426827
15:54,33,80,2070,796,8692,1478.4554219443435
15:55,99,169,12730,758,8468,14547.458001570112
15:56,61,196,454,155,1620,1025.72806069417
15:57,78,163,4743,332,3808,8345.058842406781
15:58,28,112,366,926,9946,1799.3891824675998
15:59,63,159,5560,616,6778,8707.757467525049
16:00,57,90,2898,157,1985,2917.6920742058273
16:01,23,85,679,680,7239,3246.8327854745007
16:02,47,115,1201,781,7881,4401.93735136507
16:03,69,135,3564,871,9628,5565.679151238107
16:04,58,201,2442,227,3110,3183.4506644683097
16:05,98,170,13730,663,6801,10245.92533580119
16:06,64,86,226,143,1585,563.132713814368
16:07,94,104,6330,664,7471,4871.77650823033
16:08,75,227,9832,696,7007,8223.033131308566
16:09,64,191,8528,164,2568,8248.210801947816
16:10,69,141,5030,360,4552,4036.958537781737
16:11,40,200,2842,256,2959,3329.3893362315234
16:12,84,120,1763,903,9610,7528.1460274995725
16:13,33,160,909,71,1591,2379.0718514651544
16:14,65,226,14175,409,5009,14275.218361123354
16:15,31,113,2107,634,7112,2073.110435756072
16:16,21,217,2633,493,5180,4890.55028127973
16:17,76,219,7919,373,4466,3845.4223310848433
16:18,51,137,3842,87,920,766.4801125859251
16:19,99,146,12523,435,4653,13039.171957313383
16:20,30,199,5968,227,2963,7426.453481895633
16:21,47,154,1264,744,7828,7840.889571070101
16:22,85,133,8389,63,801,6398.1816778728935
16:23,56,126,3025,685,7449,5016.656579165918
16:24,77,234,11603,560,5700,5265.654471877778
16:25,36,224,7640,518,6178,12916.894864937976
16:26,31,192,2443,455,5478,2305.7943649351164
16:27,31,84,1257,768,8161,8792.216667927005
16:28,38,222,859,473,4780,4734.929473308525
16:29,23,185,3023,915,9493,8146.156186940803
16:30,41,165,2618,570,6611,5922.122765707835
16:31,75,179,4867,16,946,2253.0699857489317
16:32,91,179,15641,902,9683,12232.841946452567
16:33,48,120,5318,571,6142,2435.6513554268004
16:34,57,230,1848,176,2729,1289.4227048894168
16:35,51,102,4012,827,8917,7824.301878214549
16:36,90,178,1680,726,8196,9404.685443154205
16:37,45,93,603,891,9896,4720.46598665284
16:38,96,178,5290,239,2509,3569.7916719886434
16:39,59,244,11190,404,4864,9700.413732163326
16:40,20,136,177,362,4269,4430.5089074836615
16:41,88,234,9979,643,6842,8448.829595631465
16:42,99,160,12518,620,6946,17362.77386361963
16:43,30,102,662,950,9539,9030.184651823305
16:44,40,84,434,693,7022,5375.612552230405
16:45,65,90,856,330,3417,1078.9848307548687
16:46,30,136,889,705,7495,8261.475659340456
16:47,46,150,608,316,3575,3639.371307948316
16:48,56,98,3609,204,2516,4069.1927208402394
16:49,85,180,14577,224,2639,9052.332725247215
16:50,92,127,494,325,3858,3962.014415319169
16:51,87,94,4756,29,796,2549.818451306139
16:52,74,98,4676,105,1138,2593.6738363984077
16:53,89,184,4289,743,8291,11451.555150210355
16:54,42,156,4603,666,7153,5480.302922731218
16:55,97,166,1326,111,1932,1429.1886204828456
16:56,29,162,878,646,6848,854.1386962421227
16:57,55,143,7854,445,5288,9020.59521805663
16:58,35,185,5595,991,10068,5252.710511938167
16:59,67,88,2191,429,4352,2718.7033294821094
17:00,95,169,2223,143,1963,3121.8169290502738
17:01,30,186,2788,372,3924,5546.200050396232
17:02,54,202,1258,290,3508,3406.2051031581927
17:03,86,88,7468,125,1549,3696.7922232289593
17:04,43,143,4254,530,5923,5138.694555885836
17:05,29,160,3801,331,4285,6279.539357597127
17:06,95,107,438,219,2656,1177.1005989339333
17:07,65,139,887,576,6167,6725.014678235031
17:08,87,86,3816,17,430,1343.4981661609445
17:09,69,127,2877,399,4213,3424.683716019731
17:10,27,111,455,54,581,875.96742485548
17:11,24,211,4597,305,3201,2608.0596837522803
17:12,46,119,2492,922,9702,11635.163187706272
17:13,66,193,3397,323,3930,1001.4218775065915
17:14,69,141,2663,307,3080,4923.086657368487
17:15,84,236,7206,252,2686,6124.624135939119
17:16,44,90,2464,516,5474,7457.485746439479
17:17,73,97,3501,601,6251,8507.627789955463
17:18,71,83,3916,691,7448,4890.714703839586
17:19,69,107,3315,778,7815,5960.770423686775
17:20,55,224,10694,18,278,283.28123560588904
17:21,37,85,926,858,8811,5387.296078691068
17:22,44,191,6908,786,8204,8760.818507443997
17:23,36,124,1178,778,7978,8355.157347607152
17:24,88,103,6568,115,1752,7522.090183133768
17:25,43,223,5013,711,7118,10361.672303175605
17:26,29,111,3005,528,5453,7463.41508075227
17:27,90,172,7757,288,3674,519.6471757123838
17:28,86,104,476,741,8338,2458.9364059345703
17:29,98,186,3863,902,9790,11607.602425190023
17:30,77,159,8163,200,2799,2747.6913246230824
17:31,60,158,3488,387,4790,1650.2449583824246
17:32,62,154,1047,14,716,1066.649720300787
17:33,63,222,5178,827,9033,5295.196069467236
17:34,56,178,5156,397,4875,5159.567137724374
17:35,32,163,3063,987,10649,9556.339418756783
17:36,41,91,646,67,1317,231.80816129857038
17:37,35,183,2246,283,3374,3954.4720851318098
17:38,70,240,6302,588,6818,8006.576726992156
17:39,43,228,2735,822,8680,6270.815692202756
17:40,37,206,5016,33,573,2982.598319733185
17:41,22,210,2274,785,8407,4368.820537851107
17:42,95,97,4329,82,945,3791.3885925907957
17:43,97,130,8717,497,5209,12358.728420224184
17:44,97,224,2967,738,7586,5260.870761545108
17:45,62,128,628,16,591,908.6160219364193
17:46,36,230,5111,676,7009,6623.3436646545415
17:47,93,249,11043,119,2069,10316.423519765596
17:48,52,237,10933,95,1686,1889.7591467584398
17:49,63,215,3799,711,7464,7397.60178040477
17:50,65,156,4405,324,3267,4806.101776126262
17:51,59,97,4905,111,1368,2141.0448815833984
17:52,82,190,307,833,8738,6507.8605915549115
17:53,100,242,9078,122,1582,7069.470671642875
17:54,90,201,12106,532,5822,7730.708893249051
17:55,24,104,2269,715,7884,6352.642051386487
17:56,89,161,14207,77,1646,3424.8188536908046
17:57,52,212,2035,582,6603,1277.6652410473416
17:58,23,216,3586,358,4472,5850.012983740573
17:59,51,244,3080,813,8774,6033.937593242734
18:00,78,141,9616,803,8913,14763.589830388197
18:01,47,109,2614,533,5623,2531.002151740782
18:02,21,242,2297,141,1992,2920.6313760227176
18:03,61,123,245,541,5795,5321.316468426193
18:04,71,87,2749,458,4810,6636.6422359758235
18:05,99,109,9549,607,6723,11131.449981638914
18:06,74,243,7950,404,4696,3872.419042511612
18:07,24,114,2490,534,5491,3027.8831912928476
18:08,68,80,2038,284,3425,1028.0777378529015
18:09,89,98,1585,955,9960,5814.77783986638
18:10,33,155,2817,63,666,1393.8566945219798
18:11,100,131,2408,988,10582,3983.2840303614685
18:12,30,223,1149,937,9798,3187.0113770017037
18:13,97,144,11984,458,4975,9327.206017108398
18:14,75,182,12886,382,4612,10800.790753863894
18:15,43,233,804,357,3796,1337.8504727129207
18:16,68,167,6555,967,10333,7318.258003345268
18:17,40,231,5427,545,6400,6138.216007898866
18:18,20,231,453,619,6403,1534.3876531672581
18:19,38,123,2687,918,9368,3682.185369353211
18:20,22,90,958,578,6109,2144.45918511695
18:21,49,208,6944,623,6701,9383.317707573966
18:22,25,101,217,689,7818,2504.8394682700955
18:23,82,119,6362,145,2411,6498.29497618292
18:24,57,161,3703,921,10107,1589.867806798261
18:25,44,202,6605,985,10683,11570.498914108572
18:26,97,178,2136,564,5731,6062.755522321388
18:27,73,137,4248,930,10112,8429.057344288789
18:28,63,118,2487,243,3005,2370.7601945924557
18:29,77,150,2846,816,8738,4801.581635796905
18:30,34,173,623,74,1040,638.9160954386534
18:31,76,162,3473,769,7910,6538.352755979806
18:32,53,152,4041,57,1015,810.6744374727185
18:33,57,98,2840,964,9955,6536.806866805604
18:34,47,181,8307,376,4463,9577.646259985535
18:35,73,156,2199,463,5088,1942.0276643913132
18:36,50,128,3112,893,9515,6659.440277526248
18:37,69,194,11328,320,3236,3600.3481618389883
18:38,34,213,265,189,2422,1797.6198691506481
18:39,98,222,12530,54,913,1453.591828676586
18:40,33,238,5617,548,5949,8949.740220654992
18:41,77,191,14216,11,960,4629.176647380944
18:42,54,167,5467,753,8127,4136.448410787584
18:43,93,219,7471,20,319,4328.964091022058
18:44,65,134,478,905,9611,2151.92205670643
18:45,47,172,513,983,10467,814.5880097303425
18:46,95,146,7061,463,4970,6371.071306019478
18:47,70,224,12837,618,6721,10378.789642415919
18:48,51,233,5208,162,2426,4207.002307273187
18:49,80,114,2333,281,2988,1358.598150352064
18:50,27,159,4092,751,7942,8254.288011125307
18:51,36,150,502,390,4805,1399.0154121612632
18:52,41,250,3604,538,6339,4362.27099496474
18:53,51,119,3200,82,1109,3071.587780206043
18:54,80,116,7699,136,2220,2223.7465067496473
18:55,36,179,6018,817,8755,9250.016028179583
18:56,62,200,2262,814,8154,1660.8024994638463
18:57,25,221,4741,208,2236,2890.005613385934
18:58,91,225,13587,220,2415,8789.050915329592
18:59,36,147,4182,232,2616,4178.206619476136
19:00,95,155,10820,54,665,3276.63872741431
19:01,98,140,9958,181,2612,10086.279586842586
19:02,94,81,6200,642,6594,5553.534801845358
19:03,73,185,9127,864,8741,14276.58188910823
19:04,26,196,2180,680,6865,7995.604954233006
19:05,49,207,4319,213,2167,1868.8955173505194
19:06,69,240,2272,738,8076,2887.6248667212303
19:07,74,139,3848,58,821,2852.661047401695
19:08,93,90,7403,212,2200,1708.4881891874702
19:09,47,208,3053,498,5573,4248.589435152098
19:10,91,119,5405,415,5105,8330.481887383206
19:11,40,211,3194,73,1440,3203.779329255134
19:12,95,201,17711,501,5209,2700.6564791965993
19:13,58,236,6367,675,7284,13088.139180975719
19:14,56,97,2395,104,1099,1211.6964953359761
19:15,73,163,282,628,6890,1442.177460832198
19:16,34,88,594,269,3216,692.7283141076578
19:17,38,154,4388,898,9047,6441.489484759411
19:18,70,162,7516,165,2574,5478.263320336218
19:19,26,144,2062,693,7166,4957.5282273820485
19:20,45,194,7563,919,9325,10679.906961694953
19:21,75,183,3441,371,3741,3974.6316724421163
19:22,94,163,9777,160,2094,5915.633606420642
19:23,56,151,1791,865,9248,3006.008481712285
19:24,68,190,834,77,895,968.7313013748469
19:25,78,162,10568,11,1048,3641.926245357683
19:26,67,182,6438,30,384,5713.96198449197
19:27,36,159,2075,416,4392,5683.182331252934
19:28,72,250,16277,664,7169,5027.025772087829
19:29,59,90,3508,189,2378,2101.713076177429
19:30,67,133,2665,581,6088,8551.415224199834
19:31,83,238,6216,753,8164,11578.148928873106
19:32,48,205,606,781,8797,4383.293433886976
19:33,60,206,11686,892,9313,8507.723790180624
19:34,80,86,1986,554,6202,7589.5801772463
19:35,57,213,5813,338,3993,2410.5854187397936
19:36,94,89,982,128,1847,2091.5431275236156
19:37,41,133,2466,134,1630,1415.742255683997
19:38,45,143,611,891,9190,5155.288711570045
19:39,76,147,10343,276,3317,11258.391170003739
19:40,42,84,855,489,4960,3508.3650944144097
19:41,74,148,8678,572,5769,6691.481309392515
19:42,58,176,436,447,5121,3625.3373983328365
19:43,75,95,3493,634,6887,5883.736286910826
19:44,47,184,814,302,3759,2228.887003736575
19:45,80,112,3272,104,1280,2311.1318638880634
19:46,62,203,12068,356,4000,14593.136172423947
19:47,77,119,3018,175,2593,4085.187837130614
19:48,45,99,2326,580,6636,3834.917663460302
19:49,20,114,1058,795,8129,1965.3301334763096
19:50,29,143,2517,189,2131,4010.99547749725
19:51,84,150,2287,48,705,1369.4885732265393
19:52,62,97,3072,619,6497,1885.4495650501424
19:53,89,91,5282,419,5098,8765.308038311498
19:54,60,246,6514,149,2403,4751.763322864871
19:55,94,148,4894,595,6556,7132.829613214239
19:56,64,164,3136,542,5610,2582.542298169064
19:57,39,190,2696,142,1421,1963.6983328930023
19:58,78,80,955,854,8802,7542.73175536505
19:59,77,201,9178,716,7460,9566.956325405547
20:00,62,195,1581,560,5757,2492.799756562711
20:01,53,86,2653,549,6277,2185.462940455439
20:02,94,211,18158,960,9924,8833.479970868644
20:03,32,179,378,477,5240,4076.1914860884235
20:04,27,123,2736,321,3305,5388.905733505598
20:05,68,99,6074,553,6109,9841.129148694781
20:06,36,201,7151,63,753,1953.961628374923
20:07,80,193,7417,121,1781,7456.460341244318
20:08,83,249,11132,327,4048,4689.372009663378
20:09,63,163,4154,718,7789,838.0002220765169
20:10,44,241,4855,975,10713,6137.0520632505595
20:11,89,119,8514,43,552,7513.333257575714
20:12,34,237,2149,815,8301,6712.386693875017
20:13,47,122,5260,231,2932,4229.141775284878
20:14,30,104,2238,511,5181,1719.7178840889753
20:15,93,93,1262,929,9407,2237.5953540375185
20:16,53,136,2552,710,7268,4877.673862871407
20:17,24,156,527,883,9696,5313.046809935702
20:18,36,137,4446,19,822,4566.235849471731
20:19,92,98,1547,486,5518,3833.5266407892623
20:20,32,130,2599,523,6099,6424.042300037291
20:21,45,208,8852,334,4330,6003.252118568647
20:22,39,217,4562,700,7828,9515.722108952772
20:23,73,152,10419,866,8966,6370.061690495911
20:24,62,190,10450,106,1100,2460.925045047413
20:25,44,156,5703,922,10126,12716.311877974691
20:26,92,142,10481,157,1900,6695.574702929848
20:27,69,241,3486,402,4076,5868.792079449801
20:28,28,127,484,928,10038,7388.237052761899
20:29,46,130,3578,959,10526,4503.99096972907
20:30,28,109,1446,199,2840,1299.8121209561032
20:31,52,186,1144,380,4516,3823.145200868741
20:32,25,213,825,87,1411,1805.769234198025
20:33,35,114,1409,318,3385,2089.539612490864
20:34,100,225,21890,608,6306,8027.17249693367
20:35,26,139,269,279,2870,2484.274896731648
20:36,71,164,4920,609,6478,4518.041964838165
20:37,53,212,9264,830,9214,14690.72811110496
20:38,32,176,4613,597,6075,6458.685966700944
20:39,66,241,15469,119,2131,12215.885194919698
20:40,52,248,3128,458,5108,4699.688242253962
20:41,61,217,6637,878,9044,12541.140016836098
20:42,36,225,4362,616,7023,5585.965079114795
20:43,70,103,7176,875,8760,11497.25925072482
20:44,56,115,3544,581,6088,5552.134257339355
20:45,74,162,2051,624,6807,3865.4384968468394
20:46,91,176,4948,386,4345,3219.1811211180857
20:47,77,185,12334,355,3681,11279.806323741861
20:48,88,205,5292,103,1073,2043.7976542835036
20:49,44,85,358,42,706,719.7099516003912
20:50,28,162,2064,970,9733,9671.823365739932
20:51,86,203,16115,882,9317,19070.794132796345
20:52,96,128,4872,743,7850,8078.84365694263
20:53,80,204,13078,601,6591,7373.024302629009
20:54,96,132,1922,968,9958,3152.322173977681
20:55,41,87,697,339,3586,628.839430491949
20:56,81,164,8096,330,3375,4947.9665097849265
20:57,96,119,8240,365,4449,5452.959566873564
20:58,26,83,977,655,6974,5959.976972130552
20:59,45,203,5738,706,7613,6832.75852881658
21:00,85,234,7198,544,6067,1436.018991767096
21:01,58,85,1630,144,2096,2214.5348373130328
21:02,88,226,4175,716,7452,6470.861435494648
21:03,52,142,6350,607,6798,6130.446320682122
21:04,61,119,6641,197,2144,5461.472467669842
21:05,47,193,3376,551,6336,1942.1720699054556
21:06,52,93,3332,636,6595,3651.6043179460903
21:07,39,199,6826,309,3808,4423.330281427651
21:08,30,169,3974,241,2604,5794.828019495292
21:09,42,128,4548,634,6636,9501.553638720985
21:10,52,134,1913,580,6520,1983.737016624315
21:11,82,229,14860,36,1137,9371.643833112157
21:12,29,225,5273,860,8791,5516.816398902905
21:13,46,123,2552,955,10218,8996.971035105114
21:14,38,141,4902,825,8613,9426.803979552995
21:15,72,174,1227,941,10053,6655.495674233931
21:16,56,137,5669,542,5890,5478.401105396259
21:17,55,142,6159,28,884,4270.879475918172
21:18,78,83,3574,574,6374,7027.946987524572
21:19,99,118,9791,179,2043,6164.350733902879
21:20,29,150,1413,762,8106,7041.411440403883
21:21,63,107,3995,960,10491,9502.561024640798
21:22,20,187,2697,731,8158,9918.683084030865
21:23,67,185,9518,961,9856,5522.666921892205
21:24,79,151,1575,251,2920,2747.7549715056457
21:25,72,121,6218,827,8903,9421.183587596206
21:26,89,100,3804,89,1495,3152.608258494053
21:27,40,174,1864,283,2980,1791.4661936489176
21:28,49,81,510,270,3602,1569.5281456548896
21:29,41,186,4762,26,355,1824.882520019099
21:30,51,139,787,147,2175,2180.29207082046
21:31,45,202,4429,928,9687,8282.339040822411
21:32,100,238,15396,311,3904,12435.988843642774
21:33,33,92,2398,350,3980,1428.2993740152779
21:34,30,231,2852,839,9042,7521.961985988528
21:35,35,220,7398,957,10232,9273.251695795632
21:36,60,99,5520,901,9192,10253.017191663153
21:37,44,185,526,974,10685,4651.73615043995
21:38,88,229,5764,949,10402,5265.625447668912
21:39,76,221,15297,889,9214,14239.260422056112
21:40,71,132,843,399,4373,2582.426395152385
21:41,90,144,8109,833,9268,12623.539261331649
21:42,27,152,719,982,10230,8308.706176403699
21:43,29,166,1080,738,8321,3787.16151786291
21:44,69,209,1116,188,2572,2703.5873870606447
21:45,94,95,1476,799,8151,4431.798331091202
21:46,92,167,8975,943,10220,4811.267647313187
21:47,91,218,6853,484,4939,7043.077295564971
21:48,90,207,901,38,1011,1042.1701865023952
21:49,93,169,5292,886,9356,2893.9700848222765
21:50,75,217,5512,852,8697,5808.753628329967
21:51,32,146,4145,769,7824,6148.490427637321
21:52,78,122,1016,34,894,1210.4828650321845
21:53,98,183,14251,721,7949,18076.230913359916
21:54,26,103,1697,559,6180,2896.657322953987
21:55,41,149,2765,969,9912,11817.869664418053
21:56,20,209,1448,759,7922,1279.2844001896246
21:57,80,183,3889,144,2345,1586.8850255650862
21:58,48,98,3690,162,1982,3695.1540431847043
21:59,45,222,7806,738,8027,13685.117798585108
22:00,84,98,482,784,7898,1659.1505781074866
22:01,53,208,9719,67,929,3132.465592243887
22:02,53,117,615,649,6714,5800.606891261088
22:03,60,218,7871,232,3136,3628.978549525099
22:04,64,186,5882,676,7299,6682.128198814619
22:05,67,185,6442,995,10360,12498.704621077122
22:06,75,126,5436,371,4069,6133.133687286999
22:07,43,146,4692,250,2717,2121.6304370633584
22:08,52,90,3770,281,2907,5039.995284478514
22:09,62,85,4877,570,6230,1996.728421858457
22:10,86,208,10781,103,1599,1324.4154648139327
22:11,47,127,3450,222,3173,1145.9640365427917
22:12,66,105,222,149,2367,866.0966457408355
22:13,38,138,1540,773,8409,2960.7805959789985
22:14,85,100,4888,584,6504,6527.887818495821
22:15,41,239,892,869,9586,11274.70526474729
22:16,37,166,3845,133,1588,457.8309501161566
22:17,21,182,2201,840,9303,5117.496095449903
22:18,78,246,4652,56,783,5115.500744072884
22:19,52,139,4476,802,8263,9712.437579028683
22:20,37,112,3303,923,9948,9711.28728686606
22:21,39,211,6282,20,1039,2375.649478420359
22:22,65,236,8628,189,2229,9357.46222537897
22:23,77,129,4505,803,8938,8405.14336730723
22:24,56,113,220,43,728,782.2056247404865
22:25,40,138,3796,81,1572,3047.891411584837
22:26,29,234,5451,398,4586,4550.2584225350865
22:27,51,211,5586,467,4842,5027.078970270817
22:28,30,138,2673,603,6781,5945.631767652967
22:29,41,123,4056,87,1631,2247.7437127940657
22:30,89,168,3572,916,9205,8652.281242389483
22:31,73,111,710,393,4277,3030.6280734876204
22:32,78,80,1092,21,932,1168.094015332101
22:33,49,103,627,990,10451,7911.981487592466
22:34,51,193,299,241,2901,1077.1208574773598
22:35,29,206,4285,611,6311,2255.242177549345
22:36,72,190,7201,123,1372,2978.2324003692574
22:37,50,203,6437,135,2198,5743.906390569056
22:38,81,80,3790,132,1996,1466.0877505787091
22:39,65,221,12070,713,8130,7170.348922580832
22:40,67,86,587,556,6326,1164.135355848594
22:41,95,176,1486,610,6916,1396.3198733433712
22:42,94,127,4799,767,7826,4812.336627397049
22:43,25,179,2096,685,7084,3807.1079076599417
22:44,27,250,6651,325,3457,2062.4926552295938
22:45,47,130,4247,414,4920,7001.78184832533
22:46,87,203,8712,257,2862,8518.066038762527
22:47,76,141,1911,449,5159,1679.7265651714215
22:48,99,199,15515,889,9429,2161.940808480778
22:49,78,100,2749,433,4833,816.0644283471947
22:50,42,81,200,28,500,166.12554027888672
22:51,48,204,7564,271,3376,7238.41377494131
22:52,66,173,919,974,10136,1593.369031802309
22:53,86,122,7022,83,1648,2613.029724568837
22:54,25,168,2786,410,5039,3213.910388661992
22:55,42,248,6277,609,6560,11587.567297581554
22:56,80,97,5645,21,840,4013.1046668220774
22:57,56,126,2034,801,8163,10139.978305191578
22:58,72,106,7187,475,5682,10873.046558624665
22:59,31,147,3273,658,7377,3840.4727377442155
23:00,33,121,2512,691,6944,3872.647211941019
23:01,54,198,5248,294,3237,5388.601276668321
23:02,89,103,1689,152,1688,1152.8610664702678
23:03,46,125,3917,102,1155,4856.746279092288
23:04,82,175,13726,348,3593,15172.424076855692
23:05,57,243,4643,74,1534,3494.264613845171
23:06,53,92,1571,80,1718,816.5269780424177
23:07,52,110,3828,909,9666,2412.997427176857
23:08,46,116,1244,259,3166,3015.3471360537997
23:09,36,176,5247,542,6075,3526.2399583815054
23:10,69,84,1030,737,8272,1909.3132001911135
23:11,91,120,10725,690,7049,12767.299659206954
23:12,39,138,974,407,4338,2348.1334595599433
23:13,85,122,1833,31,849,733.3148809409465
23:14,36,104,3166,908,10022,2572.441182423848
23:15,43,92,1409,41,597,633.5532529915708
23:16,99,207,5359,381,4274,4959.11567961178
23:17,64,166,5511,446,4866,6655.377978411372
23:18,67,122,4754,493,5632,6157.154224406147
23:19,32,216,423,808,8912,8671.087468259066
23:20,66,125,4902,472,5397,7910.344097214382
23:21,27,237,4758,787,8649,6774.280107801676
23:22,65,240,736,753,8264,4394.643086200944
23:23,52,116,2343,40,1108,1628.9352910377575
23:24,55,193,4407,105,1783,3736.6986476077495
23:25,66,148,6026,527,5617,8672.050446553776
23:26,82,194,5917,657,7044,7184.637010349944
23:27,55,196,5498,74,971,2884.7650856426844
23:28,61,141,7915,500,5563,904.3417249071924
23:29,42,153,5438,114,1147,4216.398094169078
23:30,63,96,5653,569,6688,11253.540297578134
23:31,55,161,5849,975,10683,8382.328176037985
23:32,62,133,8159,284,3415,8449.470422842955
23:33,29,243,5513,553,6318,10766.636734578617
23:34,65,195,6277,686,7475,7561.607714945598
23:35,49,165,7598,355,3816,5644.898585413463
23:36,90,153,9398,320,3862,8399.088848798317
23:37,57,99,2300,825,9249,3039.1762648464623
23:38,74,168,12118,540,5958,13979.368875002534
23:39,90,84,5024,414,4380,4715.824046334067
23:40,41,111,1350,66,791,1594.236384222505
23:41,84,207,14441,697,7710,17670.029340235596
23:42,100,241,2229,401,4733,4686.506492517244
23:43,41,94,572,928,9969,9650.087484872554
23:44,77,203,558,274,3567,1502.4375035029548
23:45,78,137,7319,20,489,4522.3089243728
23:46,50,200,4331,154,2146,3672.83150925811
23:47,34,164,5550,535,5996,5281.00136974658
23:48,77,85,830,583,6092,4127.061160814066
23:49,57,227,2515,833,9223,8747.046963019297
23:50,82,178,8983,71,1610,3835.829289948994
23:51,89,129,6246,123,1751,1655.4308233083846
23:52,58,192,2031,523,5973,4408.508814998549
23:53,47,189,5512,526,5427,8017.950026042245
23:54,58,190,3327,797,8695,6304.864920184282
23:55,74,119,7933,845,8602,2819.791947592308
23:56,77,221,5182,554,6328,5949.754756445828
23:57,54,131,6205,474,5611,7866.953921017683
23:58,65,153,4681,169,2536,628.0544896473631
23:59,39,189,1248,114,1959,2040.637689421203
